Workbook
Name _bga2: #REF!
Name _Col1: #REF!
Name _Col2: #REF!
Name _Col3: #REF!
Name _Col4: #REF!
Name a: #REF!
Name Ac: #REF!
Name adsv: #REF!
Name asdfg: [1]DAF!$F$17:$F$20
Name bga: #REF!
Name bp: #REF!
Name CARATTERISTICHE: #REF!
Name CK: #REF!
Name CURVA_RIFERIMENTO: #REF!
Name d: #REF!
Name das: #REF!
Name DATA: [2]Bearings!$B$6:$Z$14
Name ddd: '[3]From RPI'!$AB$90
Name DEN: '[4] '!$C$5:$C$37
Name Doc_type: #REF!
Name DOCID: [5]listes!$C$2:$C$150
Name dpt_code: #REF!
Name EQPT_LIST_UNIT_31: #REF!
Name FACTORS: #REF!
Name fm: #REF!
Name Impeller_Eye_Area: #REF!
Name Impeller_Eye_Area: #REF!
Name Impeller_Eye_Diameter: #REF!
Name Impeller_Eye_Diameter: #REF!
Name Impeller_Hub_Diameter: #REF!
Name Impeller_Hub_Diameter: #REF!
Name Impeller_Inlet_Diameter: #REF!
Name Impeller_Inlet_Diameter: #REF!
Name indx: #REF!
Name INT_DIAM: #REF!
Name Items: #REF!
Name kl: #REF!
Name KR: #REF!
Name LAG: #REF!
Name Language: #REF!
Name Larghezza: #REF!
Name LENGHTS: #REF!
Name LINE_LIST_UNIT_31: #REF!
Name ListIndex: #REF!
Name MAT: #REF!
Name Number: #REF!
Name pipesize: #REF!
Name Portata: #REF!
Name portatacalcolo: '[6]Basi di progetto'!$D$16
Name portataminima: '[6]Basi di progetto'!$D$10
Name portatanera: '[6]Basi di progetto'!$D$14
Name portcalcolo: #REF!
Name portnera: #REF!
Name Print_Area_MI: #REF!
Name prtpioggia: '[6]Basi di progetto'!$D$12
Name pump: #REF!
Name PUMPCALC: '[7]PUMP CALCULATION'!$J$4
Name PUMPDATA: '[7]PUMP CALCULATION'!$J$12
Name q: #REF!
Name references: #REF!

Sheet Cover
A8: Acoustic Resonance in BB3 Long Crossovers (linked to SOP-491)
A46: 0 | C46: 45428 | G46: First issue | P46: R&D - M.Biolo | U46: QA/HSEM C.Delli Quadri - M.Tremolada | Z46: R&D Manager / M.Borghetti
A47: Rev. | C47: Date | G47: Description | P47: Prepared | U47: Checked | Z47: Approved
A48: Mod.472-0

Sheet Input_Output
A1: Acoustic Resonance in BB3 Long Crossovers
A2: JOB | B2: 24I003 | E2: Service & Fluid Type | G2: Butane
A3: I.O. Number | B3: 86988 | E3: Pump Size | G3: TF-AX3-D 3x6x10
A4: Customer | B4: Rangeland | E4: Date/Name | G4: 15-05-2024 / M. Biolo
A6: Input Data
A7: Stage length (1 stage) | C7: 105 | D7: mm | F7: Minimum number of stages | I7: 5
A8: Vane # of impeller @ crossover entry | C8: 5 | F8: Maximum number of stages | I8: 12
A9: Required number of stages for pump | C9: 10 | F9: Minimum pump speed | I9: 4710 | J9: rpm
A10: Pump rated speed | C10: 5220 | D10: rpm | F10: Maximum pump speed | I10: 5220 | J10: rpm
A11: Crossover passage length @ required number of stages (LA-B-C-D) | C11: 1503 | D11: mm | E11: [1]
A12: Crossover passage length @ maximum number of stages | C12: =IF(Support_calcs!H17,C11+C7*(Support_calcs!H14-Support_calcs!H16),C11+C7*(Support_calcs!I14-Support_calcs!I16)) -> 1608 | D12: mm | F12: Crossover passage length @ minimum number of stages | I12: =IF(Support_calcs!H17,C11+C7*(Support_calcs!H15-Support_calcs!H16),C11+C7*(Support_calcs!I15-Support_calcs!I16)) -> 1188 | J12: mm
A14: Fluid | B14: Manual Input of Sound Velocity | F14: Pump configuration | H14: Double suction
A15: Speed of sound in fluid (user input) | C15: 943 | D15: m/s | E15: [2] | F15: Separation margin shall be >= 20%
A16: Selected speed of sound in fluid | C16: =Support_calcs!B40 -> 943 | D16: m/s
A18: Output Data in Terms of Frequency
A19: Half-wave resonance f = N a/(2L), N=1,2,3…harmonic where speed of sound a = λ f
A22: Critical frequency f | C22: =C16/(C11/1000)/2 -> 313.70592 | D22: Hz
A23: Critical pump speed | C23: =C22/C8*60 -> 3764.4711 | D23: rpm
A24: Separation margin @ rated speed | C24: =(C23/C10-1)*100 -> -27.883696 | D24: % | E24: =IF(ABS(C24)<20,"Warning <20%"," ")
A26: Output Data in Terms of Wave Length
E27: λ 1/2 | F27: λ | G27: λ 3/2
A28: =CONCATENATE("Critical passage length at ",I9," ",J9," [mm]:") -> Critical passage length at 4710 rpm [mm]: | E28: =Support_calcs!M28 -> 1201.2739 | F28: =Support_calcs!N28 -> 2402.5478 | G28: =Support_calcs!O28 -> 3603.8217
A29: =CONCATENATE("Critical passage length at ",I10," ",J10," [mm]:") -> Critical passage length at 5220 rpm [mm]: | E29: =Support_calcs!M29 -> 1083.908 | F29: =Support_calcs!N29 -> 2167.8161 | G29: =Support_calcs!O29 -> 3251.7241
L30: REFERENCES
A31: =CONCATENATE("Separation margin for a ",I7," stage pump at ",I9," [rpm]:") -> Separation margin for a 5 stage pump at 4710 [rpm]: | E31: =+(E28/$I$12)-1 -> 0.011173304 | F31: =+(F28/$I$12)-1 -> 1.0223466 | G31: =+(G28/$I$12)-1 -> 2.0335199 | H31: =IF(ABS(SMALL(E31:G31,1))<0.2,"Warning <20%"," ") -> Warning <20% | L31: [1] Randal E. Schwartz and Richard M. Nelson, Acoustic Resonance Phenomena in High Energy Variable Speed Centrifugal Pumps, Proceeding of the First International Pump Symposium
A32: =CONCATENATE("Separation margin for a ",I7," stage pump at ",I10," [rpm]:") -> Separation margin for a 5 stage pump at 5220 [rpm]: | E32: =+(E29/$I$12)-1 -> -0.08761949 | F32: =+(F29/$I$12)-1 -> 0.82476102 | G32: =+(G29/$I$12)-1 -> 1.7371415 | H32: =IF(ABS(SMALL(E32:G32,1))<0.2,"Warning <20%"," ") -> Warning <20% | L32: [2] NIST Chemistry WebBook, SRD 69, https://webbook.nist.gov/chemistry/fluid/
A33: =CONCATENATE("Separation margin for a ",I8," stage pump at ",I9," [rpm]:") -> Separation margin for a 12 stage pump at 4710 [rpm]: | E33: =+(E28/$C$12)-1 -> -0.25293913 | F33: =+(F28/$C$12)-1 -> 0.49412175 | G33: =+(G28/$C$12)-1 -> 1.2411826 | H33: =IF(ABS(SMALL(E33:G33,1))<0.2,"Warning <20%"," ")
A34: =CONCATENATE("Separation margin for a ",I8," stage pump at ",I10," [rpm]:") -> Separation margin for a 12 stage pump at 5220 [rpm]: | E34: =+(E29/$C$12)-1 -> -0.32592783 | F34: =+(F29/$C$12)-1 -> 0.34814434 | G34: =+(G29/$C$12)-1 -> 1.0222165 | H34: =IF(ABS(SMALL(E34:G34,1))<0.2,"Warning <20%"," ")
A36: =CONCATENATE("Separation margin for a ",C9," stage pump at ",I9," rpm:") -> Separation margin for a 10 stage pump at 4710 rpm: | E36: =+(E28/$C$11)-1 -> -0.20074924 | F36: =+(F28/$C$11)-1 -> 0.59850151 | G36: =+(G28/$C$11)-1 -> 1.3977523 | H36: =IF(ABS(SMALL(E36:G36,1))<0.2,"Warning <20%"," ")
A37: =CONCATENATE("Separation margin for a ",C9," stage pump at ",I10," rpm:") -> Separation margin for a 10 stage pump at 5220 rpm: | E37: =+(E29/$C$11)-1 -> -0.27883696 | F37: =+(F29/$C$11)-1 -> 0.44232608 | G37: =+(G29/$C$11)-1 -> 1.1634891 | H37: =IF(ABS(SMALL(E37:G37,1))<0.2,"Warning <20%"," ")

Sheet Support_calcs
A1: Liquid | B1: Sound Velocity (m/s) | G1: STG | H1: SS | I1: DS
A2: Acetic acid 25˚C | B2: 1584 | G2: 3 | H2: 2 | I2: 1 | P2: Minimum number of stages | R2: =Input_Output!I7 -> 5
A3: Acetone | B3: 1174 | D3: Single suction | G3: 4 | H3: 2 | I3: 2 | P3: Maximum number of stages | R3: =Input_Output!I8 -> 12
A4: Alcohol,ethyl (ethanol) | B4: 1144 | D4: Double suction | G4: 5 | H4: 3 | I4: 2 | K4: Vane Count of impeller @ crossover | M4: =Input_Output!C8 -> 5 | P4: Min speed (RPM) | R4: =Input_Output!I9 -> 4710
A5: Alcohol, propyl | B5: 1205 | G5: 6 | H5: 3 | I5: 3 | P5: Max. Speed (RPM) | R5: =Input_Output!I10 -> 5220
A6: Benzene | B6: 1298 | G6: 7 | H6: 4 | I6: 3
A7: Carbon disulide | B7: 1149 | G7: 8 | H7: 4 | I7: 4 | K7: Crossover max length | M7: =Input_Output!C12 -> 1608 | P7: Crossover min length | R7: =Input_Output!I12 -> 1188
A8: Carbon tetachloride | B8: 926 | G8: 9 | H8: 5 | I8: 4 | K8: Required number of stages for pump | M8: =Input_Output!C9 -> 10
A9: Caster oil | B9: 1474 | G9: 10 | H9: 5 | I9: 5
A10: Chloroform | B10: 995 | G10: 11 | H10: 6 | I10: 5
A11: Ether | B11: 985 | G11: 12 | H11: 6 | I11: 6 | K11: Crossover actual length | M11: =Input_Output!C11 -> 1503
A12: Ethylene glycol | B12: 1644 | G12: 13 | H12: 7 | I12: 6
A13: Glycerol (glycerine) | B13: 1904 | G13: 14 | H13: 7 | I13: 7
A14: Heptane | B14: 1138 | G14: Max | H14: =VLOOKUP(Input_Output!I8,G2:I13,2) -> 6 | I14: =VLOOKUP(Input_Output!I8,G2:I13,3) -> 6
A15: Hexane | B15: 1203 | G15: Min | H15: =VLOOKUP(Input_Output!I7,G2:I13,2) -> 3 | I15: =VLOOKUP(Input_Output!I7,G2:I13,3) -> 2 | K15: Hyd.Pass. Max | L15: Max | M15: l1/2 | N15: l | O15: l3/2 | P15: Hyd. Pass. Min. | R15: Executed Stages
A16: Kerosene | B16: 1324 | G16: Exectuted | H16: =VLOOKUP(Input_Output!C9,G2:I13,2) -> 5 | I16: =VLOOKUP(Input_Output!C9,G2:I13,3) -> 5
A17: Mercury | B17: 1450 | H17: =IF(Input_Output!H14=Support_calcs!D3,TRUE,FALSE) -> FALSE | K17: 1000 | L17: =+$M$7 -> 1608 | M17: =+(($B$40/(K17*$M$4/60)/2))*1000 -> 5658 | N17: =+($B$40/((K17*$M$4/60)))*1000 -> 11316 | O17: =+($B$40/(K17*$M$4/60)*1.5)*1000 -> 16974 | P17: 1000 | Q17: =+$R$7 -> 1188 | R17: =$M$11 -> 1503
A18: Methyl alcohol (methanol) | B18: 1143 | K18: 1500 | L18: =+$M$7 -> 1608 | M18: =+(($B$40/(K18*$M$4/60)/2))*1000 -> 3772 | N18: =+($B$40/((K18*$M$4/60)))*1000 -> 7544 | O18: =+($B$40/(K18*$M$4/60)*1.5)*1000 -> 11316 | P18: 1500 | Q18: =+$R$7 -> 1188 | R18: =$M$11 -> 1503
A19: Methyl alcohol, 0˚C (methanol) | B19: 1130 | K19: 2000 | L19: =+$M$7 -> 1608 | M19: =+(($B$40/(K19*$M$4/60)/2))*1000 -> 2829 | N19: =+($B$40/((K19*$M$4/60)))*1000 -> 5658 | O19: =+($B$40/(K19*$M$4/60)*1.5)*1000 -> 8487 | P19: 2000 | Q19: =+$R$7 -> 1188 | R19: =$M$11 -> 1503
A20: Octane | B20: 1171 | K20: 2500 | L20: =+$M$7 -> 1608 | M20: =+(($B$40/(K20*$M$4/60)/2))*1000 -> 2263.2 | N20: =+($B$40/((K20*$M$4/60)))*1000 -> 4526.4 | O20: =+($B$40/(K20*$M$4/60)*1.5)*1000 -> 6789.6 | P20: 2500 | Q20: =+$R$7 -> 1188 | R20: =$M$11 -> 1503
A21: Phenol | B21: 1274 | K21: 3000 | L21: =+$M$7 -> 1608 | M21: =+(($B$40/(K21*$M$4/60)/2))*1000 -> 1886 | N21: =+($B$40/((K21*$M$4/60)))*1000 -> 3772 | O21: =+($B$40/(K21*$M$4/60)*1.5)*1000 -> 5658 | P21: 3000 | Q21: =+$R$7 -> 1188 | R21: =$M$11 -> 1503
A22: Toluene | B22: 1275 | K22: 3500 | L22: =+$M$7 -> 1608 | M22: =+(($B$40/(K22*$M$4/60)/2))*1000 -> 1616.5714 | N22: =+($B$40/((K22*$M$4/60)))*1000 -> 3233.1429 | O22: =+($B$40/(K22*$M$4/60)*1.5)*1000 -> 4849.7143 | P22: 3500 | Q22: =+$R$7 -> 1188 | R22: =$M$11 -> 1503
A23: Turpentine | B23: 1240 | K23: 4000 | L23: =+$M$7 -> 1608 | M23: =+(($B$40/(K23*$M$4/60)/2))*1000 -> 1414.5 | N23: =+($B$40/((K23*$M$4/60)))*1000 -> 2829 | O23: =+($B$40/(K23*$M$4/60)*1.5)*1000 -> 4243.5 | P23: 4000 | Q23: =+$R$7 -> 1188 | R23: =$M$11 -> 1503
A24: Water, 0˚C | B24: 1403 | K24: 4500 | L24: =+$M$7 -> 1608 | M24: =+(($B$40/(K24*$M$4/60)/2))*1000 -> 1257.3333 | N24: =+($B$40/((K24*$M$4/60)))*1000 -> 2514.6667 | O24: =+($B$40/(K24*$M$4/60)*1.5)*1000 -> 3772 | P24: 4500 | Q24: =+$R$7 -> 1188 | R24: =$M$11 -> 1503
A25: Water, 5˚C | B25: 1427 | K25: 5000 | L25: =+$M$7 -> 1608 | M25: =+(($B$40/(K25*$M$4/60)/2))*1000 -> 1131.6 | N25: =+($B$40/((K25*$M$4/60)))*1000 -> 2263.2 | O25: =+($B$40/(K25*$M$4/60)*1.5)*1000 -> 3394.8 | P25: 5000 | Q25: =+$R$7 -> 1188 | R25: =$M$11 -> 1503
A26: Water, 10˚C | B26: 1447 | K26: 5500 | L26: =+$M$7 -> 1608 | M26: =+(($B$40/(K26*$M$4/60)/2))*1000 -> 1028.7273 | N26: =+($B$40/((K26*$M$4/60)))*1000 -> 2057.4545 | O26: =+($B$40/(K26*$M$4/60)*1.5)*1000 -> 3086.1818 | P26: 5500 | Q26: =+$R$7 -> 1188 | R26: =$M$11 -> 1503
A27: Water, 20˚C | B27: 1482 | K27: 6000 | L27: =+$M$7 -> 1608 | M27: =+(($B$40/(K27*$M$4/60)/2))*1000 -> 943 | N27: =+($B$40/((K27*$M$4/60)))*1000 -> 1886 | O27: =+($B$40/(K27*$M$4/60)*1.5)*1000 -> 2829 | P27: 6000 | Q27: =+$R$7 -> 1188 | R27: =$M$11 -> 1503
A28: Water, 30˚C | B28: 1507 | K28: =+R4 -> 4710 | L28: =+$M$7 -> 1608 | M28: =+(($B$40/(K28*$M$4/60)/2))*1000 -> 1201.2739 | N28: =+($B$40/((K28*$M$4/60)))*1000 -> 2402.5478 | O28: =+($B$40/(K28*$M$4/60)*1.5)*1000 -> 3603.8217 | Q28: =+$R$7 -> 1188 | R28: =$M$11 -> 1503
A29: Water, 40˚C | B29: 1526 | K29: =+R5 -> 5220 | L29: =+$M$7 -> 1608 | M29: =+(($B$40/(K29*$M$4/60)/2))*1000 -> 1083.908 | N29: =+($B$40/((K29*$M$4/60)))*1000 -> 2167.8161 | O29: =+($B$40/(K29*$M$4/60)*1.5)*1000 -> 3251.7241 | Q29: =+$R$7 -> 1188 | R29: =$M$11 -> 1503
A30: Water, 50˚C | B30: 1541
A31: Water, 60˚C | B31: 1552
A32: Water, 70˚C | B32: 1555 | K32: =CONCATENATE(R2," stage pump passage length") -> 5 stage pump passage length | M32: FLAG 1 | N32: 0
A33: Water, 80˚C | B33: 1555 | K33: =CONCATENATE(R3," stage pump passage length") -> 12 stage pump passage length | M33: Manual Input of Sound Velocity
A34: Water, 90˚C | B34: 1550 | K34: =CONCATENATE(M8," stage pump passage length") -> 10 stage pump passage length
A35: Water, 100˚C | B35: 1543
A36: Seawater with 3.5% salinity, 25˚C | B36: 1533
A37: Seawater with 3.5% salinity, 20˚C | B37: 1522
A38: Manual Input of Sound Velocity | B38: =Input_Output!C15 -> 943
A40: =Input_Output!B14 -> Manual Input of Sound Velocity | B40: =_xlfn.XLOOKUP(A40,A2:A38,B2:B38) -> 943
